<?xml version="1.0" encoding="UTF-8"?>
<!DOCTYPE suite SYSTEM "https://testng.org/testng-1.0.dtd">
<suite name="Suite">

<test name="Test1">
    <classes>
      <class name="com.example.NewTest">
      <methods>
      <include name="test1"></include>
      </methods>
      </class>
    </classes>
  </test> <!-- Test -->
 
 <test name="Test2">
    <classes>
      <class name="com.example.FirstTest">
      <methods>
      <include name="test2"></include>
      </methods>
      </class>
    </classes>
  </test> <!-- Test -->

 
  
</suite> <!-- Suite -->
