<?xml version="1.0" encoding="UTF-8"?>
<!DOCTYPE hibernate-configuration PUBLIC
        "-//Hibernate/Hibernate Configuration DTD//EN"
        "http://www.hibernate.org/dtd/hibernate-configuration-3.0.dtd">

<hibernate-configuration>
    <session-factory>
       
       
       <property name="format_sql">false</property>

        
        <property name="connection.url">jdbc:mysql://localhost:3306/dbase</property>
        <property name="connection.driver_class">com.mysql.cj.jdbc.Driver</property>
        <property name="connection.username">root</property>
        <property name="connection.password">Mirdula@1567</property>
	    <property name="dialect">org.hibernate.dialect.MySQL8Dialect</property>
	    
        <property name="show_sql">true</property>
		<property name="hbm2ddl.auto">update</property> 
        <mapping resource="product.hbm.xml"></mapping>

       
    </session-factory>
</hibernate-configuration>

